TimeStamp,email_address,Column 3,devotee_id,current_spiritual_status,Serial No,full_name,fathers_name,spouses_name,dob,gender,contact_no,whatsapp_no,blood_group,town_city,full_address,Landmark,state,district,pincode,teacher_name,spiritual_master,initiated_name,first_initiation_date,second_initiation_date,anniversary_date,upload_your_passport_size_photo,devotee_status,Cloudinary
2026-03-13 20:26:30,nayanmkstudio@gmail.com,,ISKCON_DGP_001,Initiated (দীক্ষিত),1,ABHAYA KARMAKAR,RAMPRASHAD KARMAKAR,SRIKANTA KARMAKAR,1969-07-24,Female,8170081544,8170081544,,Ichapur,"ICHAPUR, PASCHIM BARDHAMAN",,,,,SUBHASINI SUBHADRA DEBI DASI,SHRILYA JOI PATAKA SWAMI GURU MAHARAJ,ABHAYA DAYANI MADHABI DEBI DASI,2023-09-24,,1985-02-22,https://drive.google.com/open?id=1lCN8Mc0ZOwwjLSMytHX1kwC1d3UTdVql,Active,https://res.cloudinary.com/dn02hf9mu/image/upload/v1781884937/devotee_photos/ISKCON_DGP_001.jpg
2026-03-22 12:16:41,abhijitbanerjee465@gmail.com,,ISKCON_DGP_002,Initiated (দীক্ষিত),2,ABHIJIT BANERJEE ,SOMNATH BANERJEE ,PRATIMA BANERJEE ,1975-02-12,Male,8900054222,8900054222,B+,Bankura,VILL BARJORA DIST BANKURA PIN 7222O2 WEST BENGAL ,,,,,DAYADHAR GAURANGA DAS,HH JAYPATAKA SWAMI GURUMAHARAJ,AKHILESH KRISHNA DAS,2021-08-22,,1997-11-21,https://drive.google.com/open?id=1n3UU90-vhQTU6fIYwC19w4wh5ePSjJV2,Active,https://res.cloudinary.com/dn02hf9mu/image/upload/v1781884951/devotee_photos/ISKCON_DGP_002.jpg
2026-03-29 16:18:18,das8872@gmail.com,,ISKCON_DGP_003,Initiated (দীক্ষিত),3,AJAY BAURI ,GURU DAS BAURI ,SIKHA BAURI ,1993-03-20,Male,7718240579,7718240579,B+,Other,DAKSHIN KHANDA JAYPURIYA COLLIERY ,,,,,KAMONLOCHAN GURANGA DAS,HH JAYA PATAKA  SWAMI GURU MAHARAJ,AJITESHA SAMA DAS,2025-08-20,,2012-08-15,https://drive.google.com/open?id=1kwz1zH04DcBdf0oQotYF-2cyyEcuiZ2L,Active,https://res.cloudinary.com/dn02hf9mu/image/upload/v1781884957/devotee_photos/ISKCON_DGP_003.png
2026-03-22 18:28:48,amarsutradhar1967@gmail.com,,ISKCON_DGP_004,Initiated (দীক্ষিত),4,AMAR SUTRADHAR,LATE BISWANATH SUTRADHAR,LATE TAPASI SUTRADHAR,1967-01-24,Male,9800113887,9800113887,O+,Bankura,"VILL-SUBIRARA.PO-NITYANANDA PUR
DIST-BANKURA. PIN-722142",,,,,DAYADHAR GOURANGA DAS,SRILA JAYPATAKA SWAMI GURU MAHARAJ,AMRITMOY GOUR HARI DAS,2016-09-09,,,https://drive.google.com/open?id=13y4DYwS-OcnbWlal0fw5V5wxWTgBH8R9,Active,https://res.cloudinary.com/dn02hf9mu/image/upload/v1781884961/devotee_photos/ISKCON_DGP_004.jpg
2026-03-22 18:26:12,tataig1994@gmail.com,,ISKCON_DGP_005,Initiated (দীক্ষিত),5,AMIT GHOSH ,MONOJ GHOSH ,SAHELI DAS BAIRAGYA,1998-04-06,Male,6296575017,6296575017,,Bardhaman,"MANIK BAZAR , GALSI , PURBA BARDHAMAN ",,,,,SARANAGATA GADHADHAR DAS,SRI SRIMATH JAYPATAKA SWAMI GURUMOHARAJ,AMRITAVILASA KRSNA DAS,2022-07-07,,2025-03-06,https://drive.google.com/open?id=1M3942hzwQpXYRcX4fuQmohQ3qGLiqxrD,Active,https://res.cloudinary.com/dn02hf9mu/image/upload/v1781884969/devotee_photos/ISKCON_DGP_005.jpg
2026-03-24 11:01:14,amitavadey00@gmail.com,,ISKCON_DGP_006,Initiated (দীক্ষিত),6,AMITAVA DEY.,LATE NETAI CHANDRA DEY.,LATE MITHU  DEY.,1967-11-10,Male,6295007332,6295007332,O+,Durgapur,"B-II/NETAJI SUBHAS ROAD, DURGAPUR - 4, 713204",,,,,HG AUDARYA CHANDRA DAS,HH JAYAPATAKA SWAMI GURU MAHARAJ,AMITATEJA NITAI DAS,2021-08-21,2025-08-30,,https://drive.google.com/open?id=1s20PJrqzpt4ajDZpgKgRuSPg1hCwbFAm,Active,https://res.cloudinary.com/dn02hf9mu/image/upload/v1781884973/devotee_photos/ISKCON_DGP_006.jpg
2026-03-24 16:14:32,anand.diwan.4u@gmail.com,,ISKCON_DGP_007,Initiated (দীক্ষিত),7,ANAND DIWAN,OM PRAKASH DIWAN,BABITA DIWAN,1972-09-21,Male,9333951591,9333951591,A+,Panagarh,"PANAGARH, RAILPAR, SARDAPALLY SHRI SHYAM BAHVAN",,,,,H.G APURBA MADHAV DAS,H.H. JAYAPATAKA SWAMI MAHARAJ ,ANANDA SINDHU GOPESH DAS,,,,https://drive.google.com/open?id=14zLFL81OqpNyVY4nFY0XZOHDBKd9v66I,Active,https://res.cloudinary.com/dn02hf9mu/image/upload/v1781884976/devotee_photos/ISKCON_DGP_007.jpg
2026-06-06 16:40:24,bagdimili009@gmail.com,,ISKCON_DGP_008,Initiated (দীক্ষিত),8,ANANDA BAGDI,MOHAN BAGDI,RUMPA BAGDI ,1986-01-01,Male,6297439774,6297439774,A+,PANAGARH,VILLAGE+POST RONDHOA,,WEST BENGAL ,PURBA BARDHAMAN ,713420,DAYA MOY DINABANDHU DAS ,H H JAYAPATAKA SWAMI GURU MAHARAJ ,ANANDA MOY SHOCI SUTA DAS,2022-07-07,,2009-01-02,https://drive.google.com/open?id=1Waak225-h-cjniKyBX-XYGXIRjRFTVGl,Active,https://res.cloudinary.com/dn02hf9mu/image/upload/v1781884989/devotee_photos/ISKCON_DGP_008.jpg
2026-03-23 22:41:03,tarak.mechanical@gmail.com,,ISKCON_DGP_009,Initiated (দীক্ষিত),9,ANANDAMOYEE MAJI,TRILOCHAN MONDAL,JAGANNATH MAJI,1965-01-01,Female,8617433288,8197781143,B+,Asansol,"VILLAGE -BALIAPUR , POST OFFICE-LALGANJ, DISTRICT-PASCHIM BARDHAMAN, CITY-ASANSOL , PIN-713359",,,,,NOT ATTENDING ANY CLASS AS OF NOW DUE TO REMOTE PLACE,HH JAYAPATAKA SWAMI  GURU MAHARAJ,ANANDAMOYEE PREMA DEVI DASI,2024-03-08,,6-Jun-0002,https://drive.google.com/open?id=1AH8QElt7UOOntvMycKEpnnyhKeQFD6wQ,Active,https://res.cloudinary.com/dn02hf9mu/image/upload/v1781884993/devotee_photos/ISKCON_DGP_009.jpg
2026-03-12 13:32:27,sudhir301117@gmail.com,,ISKCON_DGP_010,Initiated (দীক্ষিত),10,ANIMA CHELL,LT GOBINDA SAHANA,SUDHIR CHANDRA CHELL,1964-04-12,Female,9474909678,9474909678,A+,Durgapur,AESBY MORE DURGAPUR 1,,,,,HG KALINDI SEBIKA DEVI DASI ,HH JAYAPATAKA SWAMI GURUMAHARAJ ,ANANDALILA MALINI DEVI DASI,2020-07-01,,,https://drive.google.com/open?id=18ENJs0LYqZPsjpvcxaSUWBEaghXRn-Od,Active,https://res.cloudinary.com/dn02hf9mu/image/upload/v1781885007/devotee_photos/ISKCON_DGP_010.jpg
2026-03-22 16:40:03,ramprasadankure7@gmail.com,,ISKCON_DGP_011,Initiated (দীক্ষিত),11,ANJALA ANKURE,KARTICK ANKURE,RAMPRASAD ANKURE,1980-07-30,Female,8906365342,8906365342,O+,Other,BABNABERA,,,,,HG RADHA MADHAB DAS,HH JAYAPATAKA SWAMI GURU MAHARAJ,ANANTAMATA MALINI DEVI DASI,2024-08-03,,2004-11-27,https://drive.google.com/open?id=1I39yozphBhsHA0089iLPhGw6PdxAVPRu,Active,https://res.cloudinary.com/dn02hf9mu/image/upload/v1781885012/devotee_photos/ISKCON_DGP_011.jpg
2026-03-22 17:52:47,anjalikundu2019@gmail.com,,ISKCON_DGP_012,Initiated (দীক্ষিত),12,ANJALI KUNDU ,LATE SHYAMAPADA MONDAL,BIPRADAS KUNDU,1973-08-26,Female,9614050413,9614050413,O+,Durgapur,"GITA KUTHIR, ROYPARA, BENACHITY, DURGAPUR - 713213",,,,,JAGATTARINI KESHABI DEVI DASI,SRIMAD JAYAPATAKA SWAMI GURU MAHARAJ,ANANTA SHRI RADHA DEVI DASI,,,,https://drive.google.com/open?id=1iQz5sUqy1TBXf6cPBPn0M6qOWhycgAci,Active,https://res.cloudinary.com/dn02hf9mu/image/upload/v1781885027/devotee_photos/ISKCON_DGP_012.jpg
2026-03-22 18:23:01,saptarshimondal756@gmail.com,,ISKCON_DGP_013,Initiated (দীক্ষিত),13,ANJALI PRAMANIK,NITAI PRAMANIK,,1961-01-01,Female,6297959997,6297959997,B+,Bardhaman,VILLAGE PO BHATAKUL DIST PURBA BARDHAMAN BLOCK BHATAR,,,,,PARAMESWARI PADIMINI DEBI DASI,PARAMESWARI PADIMINI DEBI DASI ,ANANDINI KRISHNALILA DEBI DASI,2025-08-30,,1975-03-22,https://drive.google.com/open?id=1Yed2iZ8lfEI-1ktpWZGfBF2ovKvLzakw,Active,https://res.cloudinary.com/dn02hf9mu/image/upload/v1781885032/devotee_photos/ISKCON_DGP_013.jpg
2026-03-27 12:50:05,anjubhagat023@gmail.com,,ISKCON_DGP_014,Initiated (দীক্ষিত),14,ANJU BHAGAT,RAM KUMAR PRASAD ,BIKRAMJIT BHAGAT ,1984-06-12,Female,8597058222,8597058222,A+,,,,,,,JAGATARINI KESABI DEBI DASI ,HH JAY PATAKA SWAMI GURUMAHRAJ ,ANUTTAMA KRISHNA PRIYA DEBI DASI ,2022-07-07,,2008-04-28,https://drive.google.com/open?id=1Eyd9nEuaeiM1JdhQMhT1nOBGVnwCwBxq,Active,https://res.cloudinary.com/dn02hf9mu/image/upload/v1781885035/devotee_photos/ISKCON_DGP_014.jpg
2026-03-26 12:46:47,ankitaprasad.rk@gmail.com,,ISKCON_DGP_015,Initiated (দীক্ষিত),15,ANKITA PRASAD,SHYAM SUNDER PRASAD ,,1997-07-09,Female,8250649121,8250649121,A+,Budbud,BUDBUD BAZAR RAVITIRTHA PALLI PURBA BARDHAMAN (713403),,,,,HG AUDARYA CHANDRA PRABHU ,HH JAYAPATAKA SWAMI MAHARAJ ,ANUKAMPITA RADHIKA DEVI DASI ,2021-08-22,2023-08-23,,https://drive.google.com/open?id=1vnAxlZ0MqOH9w6eRy2uydkMB5qwIVEG1,Active,https://res.cloudinary.com/dn02hf9mu/image/upload/v1781885056/devotee_photos/ISKCON_DGP_015.jpg
2026-03-22 18:36:33,pitanup286@gmail.com,,ISKCON_DGP_016,Initiated (দীক্ষিত),16,ANUP KUMAR PIT,SANTIRAM PIT,MALLIKA PIT,1986-03-21,Male,9474377110,9474377110,B+,Durgapur,"H2-34/1, KURURIA DANGA, MILAN PALLY 
DURGAPUR:713203",,,,,SUBHASINI SUBHADRA DD ,HH JAYAPATAKA SWAMI ,ANANTA ANUTTAMA DASA,2025-08-29,,,https://drive.google.com/open?id=1S3lXcHJLVy3i_fz3E3-YNoMdMURinzxN,Active,https://res.cloudinary.com/dn02hf9mu/image/upload/v1781885061/devotee_photos/ISKCON_DGP_016.jpg
2026-03-23 20:17:53,ghoshjiten398@gmail.com,,ISKCON_DGP_018,Initiated (দীক্ষিত),18,APARNA GHOSH,LATE GURU SADAY MONDAL,JITEN KR GHOSH,1973-01-01,Female,6296546192,6296546192,A+,Bankura,"VILL-DUBRAJPUR, PO-DUBRAJPUR, BIRBHUM, PIN-731123",,,,,AG SEBAKPATI MADHABDAS,HH JAYPATAKASWAMI MAHARAJ,APARASHAKTI YOGA MAYA DEVIDASI,2019-08-21,2025-08-30,1993-05-05,https://drive.google.com/open?id=1riqEtwNxtG0FbROCoofkaBumEr2OpYCM,Active,https://res.cloudinary.com/dn02hf9mu/image/upload/v1781885064/devotee_photos/ISKCON_DGP_018.jpg
2026-02-14 16:54:28,sugunasatyadevidasi@gmail.com,,ISKCON_DGP_019,Initiated (দীক্ষিত),19,ARATI MOURI,GANDHI RAM MONDAL ,ASHOK KUMAR MOURI ,1982-01-29,Female,9476459524,9476459524,O+,Durgapur,"29, Chaitanya Avenue,  Durgapur-4",,,,,H.G. Kalindi Sevika Devi Dasi,H.H . Jayapataka Swami Guru Maharaj ,Archana Bhakti Kesavi Devi Dasi,2024-08-03,,2000-02-28,https://drive.google.com/open?id=1UJlYkwFQzawaLb0xrRjKryUjWBQJy83_,Active,https://res.cloudinary.com/dn02hf9mu/image/upload/v1781885067/devotee_photos/ISKCON_DGP_019.jpg
2026-06-06 19:55:34,iskconbhimgarhofficial@gmail.com,,ISKCON_DGP_020,Initiated (দীক্ষিত),20,ARCHAN MANDAL,BADAL CHANDRA MANDAL,ASHOK MANDAL,1965-04-10,Female,9563094909,9563094909,,DURGAPUR,PANDAVESWAR,,WEST BENGAL,PASCHIM BARDHAMAN,713346,HG SEVAKPATI MADHAB DAS PRABHU,HH JAYPATAKA SWAMI MAHARAJ,ARCHANA MAYAI SACHI DEVI DASI,2020-07-01,,,https://drive.google.com/open?id=1QHXIz-DU3LjV7dqrPgwYMPGWrlucZ9Ux,Active,https://res.cloudinary.com/dn02hf9mu/image/upload/v1781885070/devotee_photos/ISKCON_DGP_020.jpg
2026-03-23 20:44:57,arpitayadav1982@gmail.com,,ISKCON_DGP_021,Initiated (দীক্ষিত),21,ARPITA YADAV ,SAKTI PROKASH SINHA,BINOD KUMAR YADAV ,1982-09-09,Female,9734518269,9734518269,O+,Durgapur,"D/6-E, BHAGAT SINGH NAGAR,  BENACHITY , DURGAPUR - 713213",,,,,RASARAJ SHYAM SUNDAR DAS,HH JAYAPATAKA SWAMI MAHARAJ,ASTASAKHI ISANI DEVI DASI,2024-08-03,,2006-01-19,https://drive.google.com/open?id=1OJp82oRjs6AkzwsMzMVPJ9UWEECl5gFt,Active,https://res.cloudinary.com/dn02hf9mu/image/upload/v1781885073/devotee_photos/ISKCON_DGP_021.jpg
2026-06-06 15:38:05,mamatadas850910@gmail.com,,ISKCON_DGP_022,Initiated (দীক্ষিত),22,ARUN KUMAR DAS,NIMAI CHANDRA DAS,MAMATA DAS,1982-02-01,Male,9641827605,9641827605,B+,BURDWAN ,BHATAKUL,,WEST BENGAL ,BURDWAN ,713125,PARAMESWARI PADDINI DEVI DASI,JAYAPATAKA SWAMI MAHARAJ ,ARUNANAYAN NITTYANANDDA DAS,2021-07-07,,2005-05-03,https://drive.google.com/open?id=1AYpJAFWjFTv0HedquW2IQRmKvA3XVUxW,Active,https://res.cloudinary.com/dn02hf9mu/image/upload/v1781885085/devotee_photos/ISKCON_DGP_022.jpg
2026-03-23 17:22:44,supervisionashish@gmail.com,,ISKCON_DGP_023,Initiated (দীক্ষিত),23,ASHISH MAJUMDER,FANI MAJUMDER,,1986-01-01,Male,7797898899,7797898899,B+,Durgapur,"1/4/14, SUKANTA SARANI, SUBHASPALLY, BENACHITY, DURGAPUR, WEST BARDHAMAN, WEST BENGAL.INDIA. ",,,,,AUDARYA CHANDRA DAS,JAYA PATAKA SWAMI GURU MAHARAJ ,ANANTASISA NITAI DAS,2024-08-03,,,https://drive.google.com/open?id=10B2xWydARy7vGB8WFmOuxGP-E31J9Iat,Active,https://res.cloudinary.com/dn02hf9mu/image/upload/v1781885091/devotee_photos/ISKCON_DGP_023.jpg
2026-03-31 13:53:55,ashokdhara7778@gmail.com,,ISKCON_DGP_024,Initiated (দীক্ষিত),24,ASHOK KUMARI DHARA,LATE SUBAL CHANDRA DHARA,,1961-10-13,Male,8768992163,8768992163,B+,Durgapur,"A/44,RATURIA HOUSING COLONY,DURGAPUR. PIN-713215",,,,,LAKSHMI DHARA ,JAIPATAKA SWAMI GURU MAHARAJ,ASHOK  NARAYAN DAS,,,,https://drive.google.com/open?id=1C8YY8bwr5CduAfnvG6ZCt339EteO0Ilo,Active,https://res.cloudinary.com/dn02hf9mu/image/upload/v1781885094/devotee_photos/ISKCON_DGP_024.jpg
2026-03-16 21:47:19,ashokjash.hk@gmail.com,,ISKCON_DGP_025,Initiated (দীক্ষিত),25,ASHOK KUMAR JASH ,GOPIPADA JASH,DEBJANI JASH,1962-01-18,Male,9475257768,9475257768,A+,Other,"NIGAN, PURBA BARDDHAMAN,PIN-713143",,,,,H.G. AUDARYA CHANDRA DAS,H.H. JAYAPATAKA SWAMI GURU MAHARAJ ,ABHAYMRTA SHYAMA DAS ,2021-08-22,,1999-04-30,https://drive.google.com/open?id=1Pp8mNlfDGZSBFkZZ3G4E235PGBEY8HHq,Active,https://res.cloudinary.com/dn02hf9mu/image/upload/v1781885099/devotee_photos/ISKCON_DGP_025.jpg
2026-03-22 19:40:59,nandisumitra@56890.com,,ISKCON_DGP_026,Initiated (দীক্ষিত),26,ASHOK KUMAR NANDI,LATE- GOUR DAS NANDI,SUMITRA NANDI,1981-01-02,Male,8972175856,8972175856,O+,Durgapur,"TATUL TALA COLONY, DURGAPUR-15",,,,,LAXMIRANI DAYAMAYI DEVI DASI,JAYPATAKA SWAMI ,ASOKAPADA SYAMA DAS,2025-08-28,,2005-04-29,https://drive.google.com/open?id=1CpU9bMqgpiQ7rA_7l-DX-QP54N1JoDYM,Active,https://res.cloudinary.com/dn02hf9mu/image/upload/v1781885111/devotee_photos/ISKCON_DGP_026.jpg
2026-03-22 21:23:59,ashokpanday1965@gmail.com,,ISKCON_DGP_027,Initiated (দীক্ষিত),27,ASHOK PANDAY, AMAR PANDAY,GOURI PANDAY,1965-01-01,Male,7586022216,7586022216,O+,Durgapur,E-83 SAGARBHANGA COLONY DGP-11,,,,,SUBAHU SACHISUTA NIMAI DAS,SRI SRIMAT JAYATAKA SWAMI GURUMAHARAJ,ASHOKACHARANA ACHUTYA DAS,2024-08-03,,1988-02-26,https://drive.google.com/open?id=1KEjDRz7-01CNab97L1qWy8d9RJgRojSg,Active,https://res.cloudinary.com/dn02hf9mu/image/upload/v1781885127/devotee_photos/ISKCON_DGP_027.jpg
2026-03-22 20:11:44,ashokelaha33@gmail.com,,ISKCON_DGP_028,Initiated (দীক্ষিত),28,ASHOKE LAHA ,SANTOSH LAHA,BULU LAHA,1977-01-01,Male,9474883566,6295027975,B+,Purba Bardhaman,"VILL-SANKURI, POST -BHARATPUR,DIST-PURBA BARDHAMAN ,PIN-713148",,,,,APURBA MADHAV DAS,JAYAPATAKA SWAMI MAHARAJ,ASES KRIPA  KRISHNA DAS,2022-08-22,,1997-05-27,https://drive.google.com/open?id=1oJNG6uY_j3_cnPPsZ30WqGMmnQdcGwAJ,Active,https://res.cloudinary.com/dn02hf9mu/image/upload/v1781885134/devotee_photos/ISKCON_DGP_028.jpg
2026-03-16 21:02:48,atulanandaharidas1959@gmail.com,,ISKCON_DGP_029,Initiated (দীক্ষিত),29,ATUL DAS,RASARAJ DAS,KAJAL DAS,1959-01-01,Male,9635032825,9635032825,,Durgapur,"HOUSE NO. - 10, GANATANTRA COLONY, NEAR - CENTRAL BANK, P.O. - DURGAPUR ABL TOWNSHIP, DURGAPUR, DIST. - PASCHIM BARDHAMAN, W.B., PIN - 713206",,,,,NILMANI JAGANNATH DAS,HH JOYPATAKA SWAMI,ATULANANDA HARI DAS,2020-10-07,,1990-05-10,https://drive.google.com/open?id=1KwFiWSTdP212ggat5GXrtbejjGtNzVcu,Active,https://res.cloudinary.com/dn02hf9mu/image/upload/v1781885144/devotee_photos/ISKCON_DGP_029.jpg
2026-03-22 20:11:40,babita.t81@gmail.com,,ISKCON_DGP_030,Initiated (দীক্ষিত),30,BABITA DAS,LATE NIDHIRAM DAS,SISIR DAS,1981-05-02,Female,9475737995,9475737995,O+,Bardhaman,"""HOUSE/FLAT NO:- 0050
BUILDING NAME:- GITA KUTIR
STREET NAME/AREA NAME:- MIREPARA, BALGONA
LANDMARK - PURBA DAS PARA
CITY NAME - BURDWAN
PINCODE - 713125
STATE NAME - WEST BENGAL
MOBILE NUMBER - 9475737995""",,,,,ODHARJO CHANDRA DAS,JOYPATAKA SWAMI GURU MAHARAJ,BROJOBILASINI HARINI DEBI DASI,2023-09-24,,1993-07-01,https://drive.google.com/open?id=1uYvke35b4Tj2sBTRfE8pB0ivRaKgYO1_,Active,https://res.cloudinary.com/dn02hf9mu/image/upload/v1781885160/devotee_photos/ISKCON_DGP_030.jpg
2026-06-06 15:58:55,babliduttta@gmail.com,,ISKCON_DGP_031,Initiated (দীক্ষিত),31,BABLI DATTA , KARTIK CHANDRA KAR,  ASHOK KUMAR DATTA,1989-06-23,Female,8250450265,8250450265,B+,DURGAPUR ,12/16 MARCONI AVENUE ,,WEST BENGAL ,BARDHAMAN ,713205,PARAMESHWARI PADMINI DEVI DASI,HH JAYAPATAKA SWAMI GURUMAHARAJ ,BROJORANI PREMA D.D,2022-06-06,2030-06-07,2007-07-05,https://drive.google.com/open?id=1shD8GNWAFQunXzSPp2GPQFhLckcMf-dd,Active,https://res.cloudinary.com/dn02hf9mu/image/upload/v1781885234/devotee_photos/ISKCON_DGP_031.jpg
2026-03-24 11:45:18,piuadhikary2004@gmail.com,,ISKCON_DGP_032,Initiated (দীক্ষিত),32,BABY ADHIKARY ,MONORANJAN DAS,PIJUSH ADHIKARY,1984-03-19,Female,8337822184,8337822184,AB+,Panagarh,"KANKSA MONOSA TALA, PANAGARH BAZAR, PASCHIM BARDHAMAN ",,,,,SARANAGATA GADADHAR BS DAS,SRI SRIMAT JAYAPATAKA SWAMI GURUMAHARAJ,VANAMALINI MADHUVI DEVI DASI,2021-08-22,,2003-06-14,https://drive.google.com/open?id=1Lm42MfTQs0Sxv4BdiwU77nLkIYI0miTx,Active,https://res.cloudinary.com/dn02hf9mu/image/upload/v1781885245/devotee_photos/ISKCON_DGP_032.jpg
2026-03-23 17:07:19,tewarytarit123@gmail.com,,ISKCON_DGP_033,Initiated (দীক্ষিত),33,BABY TEWARY,NEMAI TEWARY,TARIT BARAN TEWARY,1966-03-28,Female,9883638313,9883638313,A+,Raniganj,"SANTASHREE PALLY,RUPNARAYANPUR,PO-ACHRA,DIST-PASCHIM BARADHAMAN",,,,,SRIPAD AUDARYA CHANDRA DAS,HG JAYAPATAKA SWAMI GURUMAHARAJ,BRAJAJANANI JOSHADA DD,2020-07-01,2025-08-30,1984-04-28,https://drive.google.com/open?id=1DfSV6XBxLUmR4R6bysMdCL63PrKWLyWg,Active,https://res.cloudinary.com/dn02hf9mu/image/upload/v1781885269/devotee_photos/ISKCON_DGP_033.jpg
2026-03-22 20:07:05,sd824345@gmail.com,,ISKCON_DGP_034,Initiated (দীক্ষিত),34,BAIDYANATH DAS,JAGADISH CHANDRA DAS,SARASWATI DAS,1968-03-07,Male,9474600174,8509003886,B+,Durgapur,"ASHISH NAGAR COLONY, DGP-2 , DIST-P BARDHAMAN, P S-COKE-OVEN",,,,,SHYAMANANDINI SUDEVI DD ,JPS GURUMAHARAJ ,BAIDYA MURARI DAS,2021-08-22,,1996-02-13,https://drive.google.com/open?id=1o17cRwyboS4Qf4gibKPJWK34eRkY5NdW,Active,https://res.cloudinary.com/dn02hf9mu/image/upload/v1781885339/devotee_photos/ISKCON_DGP_034.jpg
2026-04-05 17:48:46,banalatagorai565@gmail.com,,ISKCON_DGP_035,Initiated (দীক্ষিত),35,BANALATA GORAI,LATE BAIDYANATH GORAI,TARAKNATH GORAI,1970-10-25,Female,8512908919,8512908919,B+,Raniganj,"DR.R.R.ROAD, TARBANGLA, PO,PS: RANIGANJ, DIST: PASCHIM BARDHAMAN, 713347, WB",,,,,HG GANGAJIBAN GOBINDA PRABHU,HH JAYAPATAKA SWAMI GURUMAHARAJ,BANAMILINI RANGA DEVI DASI,2022-07-07,,1988-03-03,https://drive.google.com/open?id=1DvLJ_LoBrGXkdTYyT1IpjypDDTe93wx0,Active,https://res.cloudinary.com/dn02hf9mu/image/upload/v1781885388/devotee_photos/ISKCON_DGP_035.jpg
2026-03-24 11:10:34,bananipochhali06@gmail.com,,ISKCON_DGP_036,Initiated (দীক্ষিত),36,BANANI POCHHALI,SRIBASH CHANDRA BISWAS,HARE KRISHNA POCHHALI,1964-11-06,Female,9734938819,9734938819,B+,Durgapur,"12/19 NEWTON AVE, DURGAPUR- 5, B- ZONE, BURDWAN",,,,,JAGATTARINI KESABI DEBI DASI,SRIMAT JAYPATAKA SWAMI GURU MAHARAJ,BONAMALINI PRIYA DEBI DASI,2023-09-24,,1992-01-16,https://drive.google.com/open?id=1ulbyQi0Kawu5D-sDx7xfM-GTnMtbluaq,Active,https://res.cloudinary.com/dn02hf9mu/image/upload/v1781885414/devotee_photos/ISKCON_DGP_036.jpg
2026-03-13 20:25:14,molikagorai19@gmail.com,,ISKCON_DGP_038,Initiated (দীক্ষিত),38,BASANTI GORAI,ANIL GORAI,UJJAL GORAI,1978-07-16,Female,8597409347,8597409347,O+,Ichapur,ICHAPUR,,,,,SUBASINI SUBADRA D.D,SRIPAD JAYAPATAKA SWAMI MAHARAJ ,BASATA PRIYA PADMA D.D,2020-08-09,,1997-11-26,https://drive.google.com/open?id=1sDVUoCjxlH39buVZIJAs9cyBcrXipFLn,Active,https://res.cloudinary.com/dn02hf9mu/image/upload/v1781885441/devotee_photos/ISKCON_DGP_038.jpg
2026-06-06 17:47:48,tatsama.phy@gmail.com,,ISKCON_DGP_040,Initiated (দীক্ষিত),40,BENU DAS,ABALA DAS,PUTUL DAS,1980-10-11,Male,9735879676,9735879676,O+,BARDHAMAN ,MIRAPARA BALGONA BHATAR PURBA BARDHAMAN ,,WEST BANGLA ,BARDDHAMAN ,713125,BROJO BILASINI HARINI DEBI DASI,JOY POTAKA WHAMI GURU MAHARAJ ,BENU BEHARI KRISHNA DAS,2024-09-03,,1999-09-18,https://drive.google.com/open?id=1jzIQIprgVUB0wSioNgubv0RpXA_ZMPKt,Active,https://res.cloudinary.com/dn02hf9mu/image/upload/v1781885452/devotee_photos/ISKCON_DGP_040.jpg
2026-02-18 20:31:24,dasbidyut360@gmail.com,,ISKCON_DGP_042,Initiated (দীক্ষিত),42,Bidyut Das,Late Ahindro lal Das ,Jharna Das,1977-06-06,Male,9614065047,9614065047,B+,"Benachity,Durgapur","3/66 Shrinagar Palley, Post office - Benachity, Police station - Arabinda",Near Loknath Bhandar,WB,Paschim Bardhaman ,713213,Jagattarini KD Dasi,HH Jayapataka Swami Guru Maharaj,Vanavihari Acyuta Das,2025-08-30,,2004-05-18,https://drive.google.com/open?id=14JR0n8dyH4QoxhvfoUXryeSDQphbEp6R,Active,https://res.cloudinary.com/dn02hf9mu/image/upload/v1781885466/devotee_photos/ISKCON_DGP_042.jpg
2026-03-22 20:22:18,bidyutkumarnandi576@gmail.com,,ISKCON_DGP_043,Initiated (দীক্ষিত),43,BIDYUT KUMAR NANDI ,HABU LAL NANDI ,SUPRIYA NANDI ,1978-11-03,Male,9564605385,9564605385,O+,Bankura,"VILL- BRINDABAN PUR BARSAL. 
P.S- GANGAJAL GHATI 
DIST- BANKURA. 
PIN- 722142.",,,,,DAYADHAR GOURANGA DAS,JAYPATAKA SWAMI GURU MAHARAJ ,BOIKUNTHANATH ACHYUT DAS,2022-07-07,,2002-05-04,https://drive.google.com/open?id=1apNVl85Y1COikqWMlVwaYoc9tmQ2Mi9i,Active,https://res.cloudinary.com/dn02hf9mu/image/upload/v1781885480/devotee_photos/ISKCON_DGP_043.jpg
2026-03-23 16:32:45,ramgorai2007@gmail.com,,ISKCON_DGP_044,Initiated (দীক্ষিত),44,BIJALA GORAI,GUNAMOY GORAI,JHANTU GORAI,1989-07-15,Female,6295007166,6295007166,O+,Raniganj,"RAJPARA, TARBANGLA, RANIGANJ,WEST BENGAL ",,,,,MADAN MOHAN PRABHU,HH JAYAPATAKA SWAMI GURUMAHARAJ,BIROJA BINODINI DEVI DASI,2024-08-23,,2006-06-02,https://drive.google.com/open?id=1QIlutTMJyx49ARX8YeWV1eIr8iFwikRc,Active,https://res.cloudinary.com/dn02hf9mu/image/upload/v1781885502/devotee_photos/ISKCON_DGP_044.jpg
2026-06-04 09:45:08,bikash2931992@gmail.com,,ISKCON_DGP_046,Initiated (দীক্ষিত),46,BIKASH DHANGAR,LT RATAN DHANGAR,WIFE.  PRIYA SARDAR,1992-08-26,Male,8967850035,8967850035,O+,DURGAPUR ,"VILL CHHATADHAWRA 
POST PANDAVESWAR 
PS PANDAVESWAR ",,WEST BENGAL ,WEST PASCHIM BARDHAMAN ,713346,CHANDANAGA GOUR DAS,OM VISHNU PAD SRI SRIMAD JOYPATAKA SWAMI MAHARAJ ,VIKRAMI GOURANGA DAS,2024-08-03,,2026-02-25,https://drive.google.com/open?id=1lOqpINyqR7SkKcTNmrOOoJ7NA4m5bADX,Active,https://res.cloudinary.com/dn02hf9mu/image/upload/v1781885532/devotee_photos/ISKCON_DGP_046.jpg
2026-03-25 16:33:04,ghoshbina431@gmail.com,,ISKCON_DGP_047,Initiated (দীক্ষিত),47,BINA GHOSH ,SANTIRAM PIT ,BROJA KUMAR GHOSH ,1981-01-10,Female,9734748379,9734748379,B+,Durgapur,"H2-34/1, KURURIA DANGA MILAN PALLY,
DURGAPUR: 713203",,,,,SUBHASINI SUBHADRA DD ,HH JAYAPATAKA SWAMI ,VRAJAVAKTI VISHURIYA DEVI DASI ,2021-08-22,,,https://drive.google.com/open?id=1VAp18NzApld5RVtseqZx3gIxZoLX7L7K,Active,https://res.cloudinary.com/dn02hf9mu/image/upload/v1781885543/devotee_photos/ISKCON_DGP_047.jpg
2026-03-23 20:55:33,binod007.yadav@gmail.com,,ISKCON_DGP_048,Initiated (দীক্ষিত),48,BINOD KUMAR YADAV,KASHI NATH YADAV,ARPITA YADAV,1982-09-03,Male,8942089758,8942089758,O+,Durgapur,"D/6-E, BHAGAT SINGH NAGAR BENACHITY, DURGAPUR-713213",,,,,RASARAJ SHYAM SUNDAR DAS,HH JAYAPATAKA SWAMI GURU MAHARAJ ,VRINDAVAN VINOD KRISHNA DAS,2024-08-03,,2006-01-19,https://drive.google.com/open?id=1Nd3jn54u530gdqqd_UjduVNYYFOBPRap,Active,https://res.cloudinary.com/dn02hf9mu/image/upload/v1781885554/devotee_photos/ISKCON_DGP_048.jpg
2026-03-23 20:12:44,rbhcreationdurgapur@gmail.com,,ISKCON_DGP_049,Initiated (দীক্ষিত),49,BIPADTARAN RUIDAS,SHAMBU RUIDAS,TAPATI RUIDAS,1972-09-05,Male,6295243208,6295243208,B+,Durgapur,"KAI JAR GALI, BENACHITI, DURGAPUR 713213",,,,,HG KARUNAMOYEE REVATI DEVI DASI,HH JAYAPATAKA SWAMI GURUMAHARAJ,BRAJABIHARI KRISHNA DAS,2020-07-01,,1991-05-21,https://drive.google.com/open?id=1QNKtxAitOisGenyUTOg6Ro5V0yHWL8L8,Active,https://res.cloudinary.com/dn02hf9mu/image/upload/v1781885571/devotee_photos/ISKCON_DGP_049.jpg
2026-03-15 18:36:46,tshow964@gmail.com,,ISKCON_DGP_052,Initiated (দীক্ষিত),52,BANANI SHOW,SUNIL BARAN MONDAL,TAPAN KUMAR SHOW,1972-07-10,Female,8240314704,8240314704,B+,Other,P-14 SARAT CHANDRA AVENUE B-ZONE,,,,,OUDERJO PRABHU,SRILA JAYAPATAKA MAHARAJ,BINAYA MALATI DEBI DASI,2014-09-02,2025-08-30,1993-02-26,https://drive.google.com/open?id=1uRXxT4sNXv2D4pT540EaMF4cEtB9oC9V,Active,https://res.cloudinary.com/dn02hf9mu/image/upload/v1781885878/devotee_photos/ISKCON_DGP_052.jpg
2026-03-20 08:22:38,bubunchakraborty.155@gmail.com,,ISKCON_DGP_053,Initiated (দীক্ষিত),53,BUBUN MUKHERJEE ,BABLU CHAKRABORTY ,SANJAY MUKHERJEE ,1993-03-10,Female,7063689329,7063689329,A+,Raniganj,"RANIGANJ, PASCHIM BARDDHAMAN 713347",,,,,MODAN MOHAN CHANDRA DAS,SRI SRIMAT JAYAPATAKA SWAMI GURU MOHARAJ,BRAJAKANTA MADHAVI DEVI DASI,2024-08-03,,2007-06-20,https://drive.google.com/open?id=1sovO0qPfjmlIW39bm0b0SVI_qbAf6p62,Active,https://res.cloudinary.com/dn02hf9mu/image/upload/v1781885802/devotee_photos/ISKCON_DGP_053.jpg
2026-05-26 12:43:36,koyelgorai915@gmail.com,,ISKCON_DGP_054,Initiated (দীক্ষিত),54,BULBUL GORAI ,SUDHIR GORAI,GURUDAS GORAI,1979-08-19,Female,8250920252,8250920252,O+,PANAGARH ,PANAGARH BAZAR,,West Bengal,PASCHIM BARDHAMAN ,713148,SHARANAGATA GADHAR BATSAL DAS,JAYPATAKA SWAMI,VRAJASEVENI KASABI DEVI DASI,2021-05-19,,2001-04-14,https://drive.google.com/open?id=1Y6rMrEE7dtT3FdMYYHXiL-DDjwLWS-bZ,Active,https://res.cloudinary.com/dn02hf9mu/image/upload/v1781886550/devotee_photos/ISKCON_DGP_054.jpg
2026-03-14 22:02:28,riyaroy64477@gmail.com,,ISKCON_DGP_055,Initiated (দীক্ষিত),55,BURI ROY,SANNYASI GHOSH,BALU ROY,1979-04-30,Female,7908294268,7908294268,AB+,Durgapur,Roydanga colony  Durgapur 1,,,,,KALINDI SEVIKA DEVI DASI,JAYAPATAKA SWAMI GURU MOHARAJ,BHAKTIRUPA SATYA DEVI DASI,3-Aug-0024,8/3/0024,1995-02-01,https://drive.google.com/open?id=1LFaHmMIAo8K-WTd65wMQIf412W8iW7aY,Active,https://res.cloudinary.com/dn02hf9mu/image/upload/v1781886296/devotee_photos/ISKCON_DGP_055.jpg
2026-03-23 15:15:31,chaitaliankure@gmail.com,,ISKCON_DGP_056,Initiated (দীক্ষিত),56,CHAITALI ANKURE ,RABI LOCHON ANKURE ,SADHAN KUMAR ANKURE,1978-03-27,Female,9339425968,9339425968,B+,Durgapur,"4/18 ARYABARTA , STREET NO - 04 , FULJORE  , DURGAPUR - 06",,,,,TRILOK NATH DAS ,HH BHAKTI CHARU SWAMI GURU MAHARAJ ,CHITRA LEKHA GOPI DASI ,2019-12-21,,2004-01-17,https://drive.google.com/open?id=1U71PZGD280F0wOYXbccVX0lu33vH3ZC8,Active,https://res.cloudinary.com/dn02hf9mu/image/upload/v1781886155/devotee_photos/ISKCON_DGP_056.jpg
2026-05-03 21:44:44,chaitanyapriya525@gmail.com,,ISKCON_DGP_057,Initiated (দীক্ষিত),57,CHAITALI DUTTA,HABULAL DUTTA,UJJWAL KUMAR DUTTA,1975-10-22,Female,7407799659,7407799659,B+,Bankura,"VIL+P.O- ILLAMBAZAR, DIST- BIRBHUM",,,,,SARANAGATA GADADHAR BATSAL DAS,SRIMAT JAYPATAKA SWAMI GURU MAHARAJ,CHAITANYA PRIYA SEBINI DEVI DASI,2020-07-01,,1995-06-21,https://drive.google.com/open?id=10Zf6Nx-kWAED9Cyor_K4wohr305tQPTI,Active,https://res.cloudinary.com/dn02hf9mu/image/upload/v1781886203/devotee_photos/ISKCON_DGP_057.jpg
2026-03-24 13:19:29,chandanadas@gmail.com,,ISKCON_DGP_059,Initiated (দীক্ষিত),59,CHANDANA DAS,SOHADEV DAS,BIPOD TARAN DAS,1980-04-28,Female,9832243570,9734224509,O+,Panagarh,"PANAGARH GARAM , PANAGARH BAZAR, PASCHIM BARDHAMAN ",,,,,SARANAGATA GADADHAR BS DAS ,SRI SRIMAT JAYAPATAKA SWAMI GURUMAHARAJ ,CHAITANYASEVINI MALINI DEVI DASI,2021-08-22,,1995-04-21,https://drive.google.com/open?id=1oDBaAbbeEG80Tp9yxQJ-RD5THcb-2NLS,Active,https://res.cloudinary.com/dn02hf9mu/image/upload/v1781886241/devotee_photos/ISKCON_DGP_059.jpg
2026-03-24 11:09:51,daschanda828@gmail.com,,ISKCON_DGP_061,Initiated (দীক্ষিত),61,CHHANDA DAS BAIRAGYA ,SAHADEV DAS,SENTU DAS BAIRAGYA ,1986-04-20,Female,9734743040,9734743040,AB+,Bardhaman,"AMRARGARH , PASCHIM PARA ,PURBA BARDHAMAN ",,,,,SARANAGATA GADADHAR DASA,SRI SRIMAT JAYAPATAKA SWAMI GURU MAHARAJ ,CARUHASINI CHAMPAKLATA DEVI DASI,2021-08-22,,1999-05-13,https://drive.google.com/open?id=1wEJ5spZxAj_eP0QySvUisGtGTgqO-16u,Active,https://res.cloudinary.com/dn02hf9mu/image/upload/v1781886415/devotee_photos/ISKCON_DGP_061.jpg
2026-03-24 08:51:46,divyarupakesavidebidasi@gmail.com,,ISKCON_DGP_062,Initiated (দীক্ষিত),62,DEBARATI DEY ,BHASKAR DEY,DIPAK DAY,1987-01-11,Female,6295422086,6295422086,B+,Durgapur,"17/27 EINSTEIN AVINW, B ZONE, DURGAPUR, WEST BENGAL,713205",,,,,MANMOHINI CHITRA DEBI DASI,SHREE SHREEMAT JAYAPATAKA SWAMY MAHARAJ ,DIVYARUPA KESHAVI DEBI DASI,2021-11-22,,2013-04-17,https://drive.google.com/open?id=1csNwg3H8gSCk7muwtKtGxKoWNYAmVd85,Active,https://res.cloudinary.com/dn02hf9mu/image/upload/v1781886439/devotee_photos/ISKCON_DGP_062.jpg
2026-03-23 13:11:57,halderrinku729@gmail.com,,ISKCON_DGP_063,Initiated (দীক্ষিত),63,DIPANKAR HALDER ,LATE RAMEN HALDER ,RINKU HALDER ,1985-01-01,Male,7908501304,7908501304,B+,Bankura,"PALLY SHREE COLONY, P O - KRISHNA NAGAR,P S -BARJORA, DIST -BANKURA",,,,,SHYAMANANDINI SUDEVI DD ,JPS GURUMAHARAJ ,DURLAVA HARIKRIPA DAS,2024-08-03,,2002-07-04,https://drive.google.com/open?id=1M5toOT5NXyth0spp3SD7GxCvlSvj8l0Z,Active,https://res.cloudinary.com/dn02hf9mu/image/upload/v1781886490/devotee_photos/ISKCON_DGP_063.jpg
2026-03-23 23:05:07,falgunihaldar196@gmail.com,,ISKCON_DGP_064,Initiated (দীক্ষিত),64,FALGUNI HALDAR ,POTOL CHANDRA DEY ,TAPAN HALDAR ,1974-02-12,Female,8617620947,8617620947,O+,Durgapur,"128 BANKIM CHANDRA AVENUE, B- ZONE, DURGAPUR - 713205",,,,,HG APURVA MADHAV PRABHUJI ,HH JAYAPATAKA SWAMI GURU MAHARAJ ,FULMUKHI ROHINI DEVI DASI,2025-08-30,,1997-11-21,https://drive.google.com/open?id=1ZSRLSTuz68rWH_aMYoxRucD1DbdUtLMK,Active,https://res.cloudinary.com/dn02hf9mu/image/upload/v1781886555/devotee_photos/ISKCON_DGP_064.png
2026-03-23 15:19:05,Choudhurysuprity9@gmail.com,Delivered,ISKCON_DGP_065,Initiated (দীক্ষিত),65,FELARAM CHOUDHURY ,LATE BHUSAN CHOUDHURY ,SUMITRA CHOUDHURY ,1953-11-10,Male,9932222576,9932222576,O+,Bankura,RAMNAGAR. BANKURA.JOYPUR,,,,,PRASANTA GOSWAMI ,JOYPOTAKASAMI MAHARAJ ,FULGUNAHORIDAS,2024-08-03,,1976-04-07,https://drive.google.com/open?id=1dQCQ96S9WdypNesZuLH1pQ4SCh0OHd2C,Active,https://res.cloudinary.com/dn02hf9mu/image/upload/v1781886831/devotee_photos/ISKCON_DGP_065.jpg
2026-03-24 07:48:08,gangamondal466@gmail.com,,ISKCON_DGP_066,Initiated (দীক্ষিত),66,GANGA MONDAL,MADAN MONDAL,,1968-09-19,Female,8001616032,8001616032,A+,Bankura,"VILL-JAPAMALI,POST-JAPAMALI,P.S-MEJHIA,DIST-BANKURA",,,,,DAYADHAR GOURANGA DAS,SHREE JOYPATAKA SWAMI GURU MAHARAJ,GOLAKSEBA GANGA DEBI DASI,2025-08-30,,,https://drive.google.com/open?id=1XSvje4AutPNmUFB6Uh6vs6wHITyYGJAk,Active,https://res.cloudinary.com/dn02hf9mu/image/upload/v1781886835/devotee_photos/ISKCON_DGP_066.jpg
2026-03-23 16:05:04,das888629@gmail.com,,ISKCON_DGP_068,Initiated (দীক্ষিত),68,GOPAL DAS,LATE GOUTAM DAS,MUNMUN DAS,1995-05-25,Male,9064626603,9064626603,B+,Ramnagar,"""HOUSE /FLAT NO- N0148
BUILDING NAME-RAMNGAR MAJHPARA
STREET NAME-RAMNGAR
LANDMARK- KALI MANDIR
CITY- PANDAVESWAR
PINCODE-713346
STATE NAME- WESTBENGAL""",,,,,SEBAK PATI MADHAB DAS PRABHU,SRILA JAYPATAKA SWAMI GURU MAHARAJ,GOUR GOPAL KORUNES DAS,2024-08-03,,2020-03-10,https://drive.google.com/open?id=1hfTg5h7RrGT1aL-sWizFlSK5dBWMBj2f,Active,https://res.cloudinary.com/dn02hf9mu/image/upload/v1781886887/devotee_photos/ISKCON_DGP_068.jpg
2026-03-15 20:26:57,dast9688@gmail.com,,ISKCON_DGP_070,Initiated (দীক্ষিত),70,HARADHAN DAS,SHIBARAM DAS,,1955-01-01,Male,9635876589,9635876589,,Bardhaman,"HATKANPUR, BHATAKUL, BHATAR, PURBA BARDHAMAN ",,,,,SMRITI MANJARI DEVI DASI ,HH JAYAPATAKA SWAMI MAHARAJ,HARI BRAJODHONO DAS,2024-08-03,,,https://drive.google.com/open?id=1X0Wmwi5JK2Gq4FZ8e7o3L5_7ixUt6aqV,Active,https://res.cloudinary.com/dn02hf9mu/image/upload/v1781886900/devotee_photos/ISKCON_DGP_070.jpg
2026-03-23 22:46:52,jnag5240@gmail.com,,ISKCON_DGP_072,Initiated (দীক্ষিত),72,JAYA NAG,LT. SUNIL KUMAR CHAKRABORTY,ANJAN NAG,1972-05-01,Female,6297262982,6297262982,O+,Durgapur,"26 STEEL HOUSEING COOPERATIVE, MILAN PALLY, KURURIA DANGA, DURGAPUR - 713203",,,,,HG APURBA MADAB PRABHU,JAI PATAKA SWAMI GURU MAHARAJ,JOYO DAYANI SATYA DEVI DASI,2024-08-03,,1994-12-15,https://drive.google.com/open?id=1LpYl72PokCuaXND1bvyJAI19zyrs6Bjg,Active,https://res.cloudinary.com/dn02hf9mu/image/upload/v1781887034/devotee_photos/ISKCON_DGP_072.jpg
2026-03-23 15:27:17,jayantanayek63@gmail.com,,ISKCON_DGP_073,Initiated (দীক্ষিত),73,JAYANTA NAYEK,SURJYA NARAYAN NAYEK,FALGUNI NAYEK,1972-02-02,Male,6295276232,6295276232,B+,Bardhaman,VILL+P.O.- SAHEBGANJ DIST-PURBA BARDHAMAN PIN-714121,,,,,AUDARJA CHANDRA DAS,JAYAPATAKA SWAMI GURU MAHARAJ,JAGADANANDA NITYANANDA DAS,2019-08-21,,2004-07-09,https://drive.google.com/open?id=1Yk0ijKol4m4gOKEjnqsi_e3-xh_qI1WP,Active,https://res.cloudinary.com/dn02hf9mu/image/upload/v1781887044/devotee_photos/ISKCON_DGP_073.jpg
2026-03-23 19:32:39,chinmoysaha1982@gmail.com,,ISKCON_DGP_074,Initiated (দীক্ষিত),74,JHARNA SAHA,GHANGADHAR MONDOL,CHINMOY SAHA,1991-04-01,Female,8250799403,8250799403,A+,Bankura,"SURI BIRBHUM,AEROBINDA PALLY",,,,,MONIMOYEE TUNGAVIDYA DEBIDASI ,JAYPATAKA SAHAMI MAHARAJ,JIVAPAVANI HARIPRITA DEVI DASI ,2024-08-08,2024-08-08,2011-02-22,https://drive.google.com/open?id=1IQgrtVKSCjGvVKA6EqwI525P_KDggeKC,Active,https://res.cloudinary.com/dn02hf9mu/image/upload/v1781887058/devotee_photos/ISKCON_DGP_074.jpg
2026-03-24 07:44:55,kanakbiswas0321@gmail.com,,ISKCON_DGP_075,Initiated (দীক্ষিত),75,KANAK BISWAS,NILKANTHA BISWAS,GOPAL BISWAS ,1956-03-06,Female,8293480184,8293480184,B+,Durgapur,"ASHISH NAGAR COLONY,DGP-2,DIST-P BARDHAMAN, P S- COKE-OVEN, P O - DURGAPUR,713202",,,,,SHYAMANANDINI SUDEVI DD ,JPS GURUMAHARAJ ,KAMALA NISTHAPATI DD,2024-08-03,,,https://drive.google.com/open?id=1E21Zb6wQVrki8wzj-wnnNPRHIFtp1Knj,Active,https://res.cloudinary.com/dn02hf9mu/image/upload/v1781887105/devotee_photos/ISKCON_DGP_075.jpg
2026-03-23 16:20:17,krishnakundu769@gmail.com,,ISKCON_DGP_077,Initiated (দীক্ষিত),77,KRISHNA KUNDU,BHAVANI SANKAR MANDAL,MUKTA GOPAL KUNDU,1980-07-01,Female,8945049314,8945049314,B+,Durgapur,DURGAPUR SAGAR BHANGA GOPINATH PUR GITANJALI PARK,,,,,SUBAHU SACHI SUTA DAS,H.H. JAYPATAKA SWAMI GURU MAHARAJ ,KRISHNAMAYI PADMA DEVI DASI,2023-03-11,2024-08-03,2001-02-08,https://drive.google.com/open?id=1miVrYnzYvnQFKlnhDGzTyLSfnjnbwyG_,Active,https://res.cloudinary.com/dn02hf9mu/image/upload/v1781887196/devotee_photos/ISKCON_DGP_077.jpg
2026-03-24 11:30:14,dutta.tuli1984@gmail.com,,ISKCON_DGP_078,Initiated (দীক্ষিত),78,LATA ADAK ,BALAI DUTTA ,BISWAJIT ADAK ,1984-10-05,Female,8961114313,8961114313,AB+,Other,"SWABHUMI HEIGHTS, FL 5K, BLOCK 3B, 181 DUM DUM ROAD, KOL 74",,,,,AUDHARYA CHANDRA DAS,JAYAPATAKA SWAMI,LILESVARI PREMA DEVI DASI ,2024-08-03,,2008-02-11,https://drive.google.com/open?id=1_x2_NwaSxHXvLlaoY4oasAsQeXepJvZg,Active,https://res.cloudinary.com/dn02hf9mu/image/upload/v1781887208/devotee_photos/ISKCON_DGP_078.jpg
2026-03-24 11:27:27,msmighosh@gmail.com,,ISKCON_DGP_079,Initiated (দীক্ষিত),79,MAHARANI GHOSH ,SATISH CH GHOSH ,NARA HARI GHOSH ,1976-02-15,Female,7797792962,7797792962,O+,Durgapur,BENACHITY DURGAPUR WEST BENGAL 713213,,,,,APARNA CHAKRABORTY ,SRI SRI JAYAPATAKA SWAMI MAHARAJ ,MAHARANI TULSHI DEBI DASI,2024-08-29,2024-08-29,1991-05-21,https://drive.google.com/open?id=1439JG5vPre52CgB6hwur6iic5hHa5lBe,Active,https://res.cloudinary.com/dn02hf9mu/image/upload/v1781887215/devotee_photos/ISKCON_DGP_079.jpg
2026-03-25 15:26:06,kmahideep2007@gmail.com,,ISKCON_DGP_080,Initiated (দীক্ষিত),80,MAHIDEEP KAUR ,SAMAR BIJAY DAS,RAJKUMAR SINGH ,1982-01-02,Female,9641460644,9641460644,B+,Durgapur,F-144 BANKIM CHANDRA AVENUE B-ZONE DURGAPUR 5 ,,,,,JAGATTARINI KESAVI DEVI DASI ,SRIMAD JAYPATAKA SWAMI MAHARAJ,MAHAPREMADA RADHA DEVI DASI ,2024-08-03,,2006-02-22,https://drive.google.com/open?id=1lj_5-DhlTd05zRJyZKJmVT8DKh4e4u2n,Active,https://res.cloudinary.com/dn02hf9mu/image/upload/v1781887292/devotee_photos/ISKCON_DGP_080.jpg
2026-03-23 20:35:13,malamondal1301@gmail.com,,ISKCON_DGP_081,Initiated (দীক্ষিত),81,MALA MONDAL,SIBRAM MONDAL,ANITYA KUMAR MONDAL,1970-01-13,Female,8759890558,8759890558,O+,Bankura,VILL BARJORA DIST BANKURA PIN 722202 WEST BENGAL,,,,,DAYADHAR GOURANGA DAS,HH JAYPATAKA SWAMI GURUMAHARAJ,MALINI BHAKTIDAYINI DEVI DASI,2024-08-03,,1991-03-06,https://drive.google.com/open?id=1l0akAM5GCYLv5kTgSIzK9xzir_1S9enx,Active,https://res.cloudinary.com/dn02hf9mu/image/upload/v1781887349/devotee_photos/ISKCON_DGP_081.jpg
2026-03-25 16:45:04,pitanup286@gmail.com,,ISKCON_DGP_082,Initiated (দীক্ষিত),82,MALLIKA PIT,LAXKHIKANTA PAL,ANUP KUMAR PIT,1988-06-01,Female,8597440084,8597440084,B+,Durgapur ,"Kururia Danga, Milan Pally, House no- H2- 34/1",Near Shikhhaniketan School ,WB ,Paschim Bardhaman ,713203,SUBHASINI SUBHADRA DD ,HH JAYAPATAKA SWAMI ,MALATIRIYA SAKHI DEVI DASI ,2024-08-03,,,https://drive.google.com/open?id=1pBCyDy3KfCgMMFyCHBB-cNFYqXlauKgk,Active,https://res.cloudinary.com/dn02hf9mu/image/upload/v1781887358/devotee_photos/ISKCON_DGP_082.jpg
2026-03-23 20:54:22,meprasantapaul7@gmail.com,,ISKCON_DGP_083,Initiated (দীক্ষিত),83,MAMATA PAL,RAM CHANDRA PAL,PRASANTA PAUL,1988-03-21,Female,9382851226,9382851226,AB+,Other,BRJORA SCHOOL DANGA NEAR B.D.O OFFICE,,,,,DAYADHAR GOURANGO DAS,SHILA JOY PATAKA SWAMI GURU MAHARAJ,MADHURA KRISHNA KANTAA DEVI DASI ,2024-08-03,,2009-06-06,https://drive.google.com/open?id=1haJioG97GWp_J-YSpzGz5qoBOBnEB-SI,Active,https://res.cloudinary.com/dn02hf9mu/image/upload/v1781887387/devotee_photos/ISKCON_DGP_083.jpg
2026-03-17 18:06:11,sandiphazra5@gmail.com,,ISKCON_DGP_085,Initiated (দীক্ষিত),85,MANASI HAZRA,SANNYASHI HAZRA,SANDIP HAZRA,1993-09-04,Female,7001137992,7001137992,O+,Ichapur,"HAZRA PARA, ICHAPUR, PASCHIM BARDHAMAN",,,,,SUBHADRA SOHASINI DEVI DASI,JOY PATAKA SWAMI MAHARAJ,MANGALA SHATORUPA DEBI DASI,2025-08-03,,2012-11-30,https://drive.google.com/open?id=1pFa4IaKPNcUUDsKWBsSDsbwu3rey1i8C,Active,https://res.cloudinary.com/dn02hf9mu/image/upload/v1781887392/devotee_photos/ISKCON_DGP_085.jpg
2026-03-23 15:08:03,msmondaldgpmohan@gmail.com,,ISKCON_DGP_087,Initiated (দীক্ষিত),87,MANISHANKAR MONDAL,MANABENDRA MONDAL ,,2003-05-01,Male,8391082070,8391082070,B+,Durgapur,"H. NO. 23, 3RD AVENUE, SEPCO TOWNSHIP, DURGAPUR -713205",,,,,JAGATTARINI KESABI DEVI DASI,HIS HOLINESS JAIPATAKA SWAMI GURUMAHARAJ,MANIBHUSANA NANDASUTA DAS,2022-07-07,,,https://drive.google.com/open?id=1aUHAbfCLAw2849QIggiXjtNbuRoGt8lX,Active,https://res.cloudinary.com/dn02hf9mu/image/upload/v1781887398/devotee_photos/ISKCON_DGP_087.jpg
2026-03-23 12:30:53,dibakardasofficial0@gmail.com,,ISKCON_DGP_088,Initiated (দীক্ষিত),88,MANJULA DAS,GOPAL SARDAR,UDAY DAS,1977-03-15,Female,8597521337,8597521337,,Bankura,"PALLYSREE COLONY, KRISHNA NAGAR, BARJORA,BANKURA, BARJORA,WB,722202",,,,,SHYAMANANDINI SUDEVI DD ,JPS GURUMAHARAJ ,MANJU MRIDHA KESHAVI DD,2024-08-03,,,https://drive.google.com/open?id=1YT7rL9DYEIPBotEQ7uQN8AtNL4pkpWbS,Active,https://res.cloudinary.com/dn02hf9mu/image/upload/v1781887405/devotee_photos/ISKCON_DGP_088.jpg
2026-03-21 12:39:46,dmiradas123@gmail.com,,ISKCON_DGP_092,Initiated (দীক্ষিত),92,MIRA DAS,PARASH CHANDA DAS,NAYANMONI DAS,1987-01-01,Female,9046499175,9046499175,,Other,"MP SOYAKA ROAD 10M JODGE HOUSE, NABADWIP, NADIA- 741302",,,,,KRISHA CHAITANAN CHRIPAMOY DAS,AUDARYA CHANDA DAS,MITRA BINADA DEBI DASHI,2024-08-03,,2003-02-07,https://drive.google.com/open?id=1SM4LTpu68pOMw34OGBAw2sb36TaBv5dc,Active,https://res.cloudinary.com/dn02hf9mu/image/upload/v1781887413/devotee_photos/ISKCON_DGP_092.jpg
2026-03-23 21:31:23,mbagdi746@gmail.com,,ISKCON_DGP_093,Initiated (দীক্ষিত),93,MONISHA BAGDI ,SANJAY PAL,MONOHAR BAGDI ,1993-05-10,Female,7548005658,7548005658,AB+,Durgapur,"ARRAH,BAGDI PARA,  DURGAPUR-12   DURGAPUR- PASCHIM BURDWAN   PIN  713212

",,,,,TRILOKNATH DASA,HH JAYAPATAKA SWAMI GURU MAHARAJ ,MANORAMA  JAYASRI DEVI DASI,2024-08-03,,2008-03-10,https://drive.google.com/open?id=1Oln0gwUv02FK7plU4uXQwJZbMipth59P,Active,https://res.cloudinary.com/dn02hf9mu/image/upload/v1781887422/devotee_photos/ISKCON_DGP_093.jpg
2026-03-26 14:42:59,supd50@gmail.com,,ISKCON_DGP_094,Initiated (দীক্ষিত),94,SULAKSHANA TEWARY ,TARIT BARAN TEWARY ,BIDHAN UPADHYAY ,1985-05-24,Female,8249816368,8249816368,O+,Other,"""AT SARLAKANI CHAWK
NEAR ST. JHON SCHOOL
SIDE BY RAMGOVIND ENCLAVE
SAMBALPUR
768006
SAMBALPUR
ODISHA""",,,,,SRIPAD AUDARYA CHANDRA DAS ,SRILA JAYAPATAKA SWAMI GURUMAHARAJ ,SULAKSHANA HARIPRIYA DEVI DASI ,2022-07-07,2025-08-30,11-Dec-0011,https://drive.google.com/open?id=1zcInD9XKna9_-7CceEuve5uTYgkqeB7F,Active,https://res.cloudinary.com/dn02hf9mu/image/upload/v1781887441/devotee_photos/ISKCON_DGP_094.jpg
2026-02-18 13:01:46,madhumitamondal677@gmail.com,,ISKCON_DGP_095,Initiated (দীক্ষিত),95,MADHUMITA  MONDAL,Santosh ghosh,UTPAL MONDAL,1977-06-24,Female,8637083314,8637083314,AB+,Durgapur,"6/85 Sammelani Park, Post Office- ABL , Police station - Newtown ",Near Alingan Apartment ,West Bengal ,Paschim Bardhaman,713206,HG AUDARYA CHANDRA DAS,HH Jayapataka Swami Gurumaharaj ,MADHUMATI KESHAVI DEVI DASI,2010-09-16,,1998-04-28,https://drive.google.com/open?id=1z__0UfUijaChp390wOx7NryLnQ8pxmY1,Active,https://res.cloudinary.com/dn02hf9mu/image/upload/v1781887473/devotee_photos/ISKCON_DGP_095.jpg
2026-03-24 20:57:10,chinmoysaha1982@gmail.com,,ISKCON_DGP_097,Initiated (দীক্ষিত),97,MUKTA SAHA,SURESH CHANDRA MONDOL,SUSEN KUMAR SAHA,1961-01-23,Female,9832412568,9832412568,B+,Other,"BUSKULI,DUMKA",,,,,MONIMOYEE TUNGAVIDYA DEBIDASI ,JAYPATAKA SWAMI MAHARAJ ,MUKTI DATRI KRISNA PRIYA DASI,2024-08-08,2024-08-08,1978-12-12,https://drive.google.com/open?id=1gZxKaXUmU9aIcqyehJbLTDphzQ9D82HO,Active,https://res.cloudinary.com/dn02hf9mu/image/upload/v1781887549/devotee_photos/ISKCON_DGP_097.png
2026-03-24 14:53:51,das888629@gmail.com,,ISKCON_DGP_098,Initiated (দীক্ষিত),98,MUNMUN DAS,DINABANDHU DAS,GOPAL DAS,1993-01-09,Female,9933686247,9933686247,O+,Ramnagar,"RAMNAGAR,PANDA ESWAR
",,,,,SEBAK PATI MADHAB DAS PRABHU,SRILA JAYPATAKA SWAMI GURU MAHARAJ,MADHUSMITA BRAJO PRIYA DEVI DASI,2024-08-03,,2020-03-10,https://drive.google.com/open?id=1D3K5X931c1VvUN4iL-_7p9aLh_0BD0X3,Active,https://res.cloudinary.com/dn02hf9mu/image/upload/v1781888119/devotee_photos/ISKCON_DGP_098.jpg
2026-03-23 16:26:22,palnemaichand1963@gmail.com,,ISKCON_DGP_099,Initiated (দীক্ষিত),99,NEMAI CHAND PAL,GADADHAR PAL,SHANTI PAL,1963-01-03,Male,7908678559,9734711942,O+,Other,"SIMULIA CHATI(NEGUN), SIMULIA DANGA, MONGALKOT, PURBA BARDDHAMAN, 713143",,,,,AUDARYA CHANDRA DAS,HH JAYAPATAKA  SWAMI  GURU MAHARAJ,NITYA NEMAI DAS,2006-11-05,,1988-04-29,https://drive.google.com/open?id=18uvh9syVv4S5mBYKtr1RVM3aVhoIF4nK,Active,https://res.cloudinary.com/dn02hf9mu/image/upload/v1781887684/devotee_photos/ISKCON_DGP_099.jpg
2026-03-23 14:23:52,Jishufouzdar478@gmail.com,,ISKCON_DGP_100,Initiated (দীক্ষিত),100,NIVA FOUZDAR ,BASHKAR DAS,JHANTU FOUZDAR ,1984-02-05,Female,9883766286,9933002818,,Raniganj,RANIGANJ ,,,,,HG MADANMOHAN PRABHU,HH JAYAPATAKA SWAMI GURU MAHARAJA ,NIKUNJALILA KESAVI DD,2024-08-03,,2000-12-09,https://drive.google.com/open?id=1Vvm02a-WN5LbtRhj9x2EVoZolGViEw9u,Active,https://res.cloudinary.com/dn02hf9mu/image/upload/v1781887695/devotee_photos/ISKCON_DGP_100.jpg
2026-03-24 19:49:02,umagorai29@gmail.com,,ISKCON_DGP_101,Initiated (দীক্ষিত),101,UMA GORAI,LATE AJIT GORAI,SWAPAN GORAI,1970-08-02,Female,7699930366,7699930366,A+,Raniganj,"RANIGANJ  RAJPARA, PASHCHIM BURDWAN",,,,,MADAN MOHAN DAS,JAYAPATAKA SWAMI GURU MAHARAJ,UJJVALA RUPINI SACI DEVI DASI,2022-07-07,,1988-02-19,https://drive.google.com/open?id=15BKztYGfZUpTosyHLXIPyehrlNzZBPV4,Active,https://res.cloudinary.com/dn02hf9mu/image/upload/v1781887706/devotee_photos/ISKCON_DGP_101.jpg
2026-03-23 15:27:32,pradhannishikanta83@gmail.com,,ISKCON_DGP_102,Initiated (দীক্ষিত),102,NISHI KANTA PRADHAN,GOBINDA PRADHAN,TUNI PRADHAN,1967-01-31,Male,9474640035,9474640035,A+,Other,3/11 VIVEKANANDA ROAD,,,,,TILOK NATH PAVU,JAYAPATAKA SWAMI GURU MAHARAJ,NITYA RADHA KANTA DAS,2024-08-03,,1988-04-20,https://drive.google.com/open?id=1vargkTxU3YWBT2xi4R0ea3hLKsKvJXot,Active,https://res.cloudinary.com/dn02hf9mu/image/upload/v1781887725/devotee_photos/ISKCON_DGP_102.jpg
2026-03-25 12:24:53,dasanjan1256@gmail.com,,ISKCON_DGP_104,Initiated (দীক্ষিত),104,PAMPA DAS,MOHAN CHANDRA DAS,ANJAN DAS,1992-07-27,Female,6297159202,6297159202,A+,Raniganj,RUPNARAYANPUR,,,,,SRIPAD BRINDARANYA DAS,SRI SRIMAT JAYPATAKA SWAMI GURU MAHARAJ,PARAMA NITAI PRIYA DEVI DASI,2024-09-03,,2011-03-11,https://drive.google.com/open?id=1iR1fziniPTdZ65cIngvsuK60HtA5ikJq,Active,https://res.cloudinary.com/dn02hf9mu/image/upload/v1781887753/devotee_photos/ISKCON_DGP_104.jpg
2026-03-23 21:30:50,pray81591@gmail.com,,ISKCON_DGP_105,Initiated (দীক্ষিত),105,PARIMAL ROY,PRANAB ROY,,1987-05-02,Male,6294013081,6294013081,B+,Bardhaman,POSHLA BHATAR PURBA BARDHAMAN ,,,,,AUDARYA CHANDRA DAS,HH JAYAPATAKA SWAMI GURUMAHARAJ, PARAMESH BRAJAPATI DAS ,,2023-09-24,,https://drive.google.com/open?id=1SHgoekrHRQGdokzG0tWODibBHaO_ADu1,Active,https://res.cloudinary.com/dn02hf9mu/image/upload/v1781888109/devotee_photos/ISKCON_DGP_105.jpg
2026-03-01 16:35:28,radhamadhav771@gmail.com,,ISKCON_DGP_108,Initiated (দীক্ষিত),108,Puja singh,Basu deb dhibar,No,1992-10-11,Female,9749202070,9749202070,A+,Durgapur,"Rohim path,A zone, durgapur 4",,,,,Apurbo madhav das,Sri Srimod jai pataka swami gurumaharaj,Prem puja gourani davi dasi,2024-08-03,,,https://drive.google.com/open?id=1ZBSlHZBpHHaz-yiqLRRXgqTKXvG5_Yo2,Active,https://res.cloudinary.com/dn02hf9mu/image/upload/v1781888118/devotee_photos/ISKCON_DGP_108.jpg
2026-03-25 08:42:46,kundukuntal899@gmail.com,,ISKCON_DGP_111,Initiated (দীক্ষিত),111,PUTUL KUNDU,LATE GANGADHAR KUNDU,SWARNA KANTI KUNDU,1977-09-16,Female,7551804465,7551804465,B+,Other,HOSTEL AVENUE ,,,,,JAGATTARINI  KESAVI DEVI DASI,HH JAYAPATAKA SWAMI GURUMAHARAJ,PUTAGATRA MADHAVI DEVI DASI,2024-08-03,,1999-06-28,https://drive.google.com/open?id=1ILwymsBznJr0Go6ifFSNotoKNF3xsNQi,Active,https://res.cloudinary.com/dn02hf9mu/image/upload/v1781888121/devotee_photos/ISKCON_DGP_111.jpg
2026-03-24 12:32:07,Falgunihaldar196@gmail.com,,ISKCON_DGP_113,Initiated (দীক্ষিত),113,RAM KRISHNA MAJI,LATE KALI PADA MAJI, MATHURALILA KESAVI DEVI DASI,1955-08-02,Male,9547399769,9547399769,B+,Durgapur,1/10 INDRAPRASTHA HOUSING AMRAI DURGAPUR -713203,,,,,CHITTA HARINI TULSI DEBI DASI,SRI SRI MOD JOY PATAKA SWAMI GURU MAHARAJ,RAM JIBAN SRI KRISHNA DAS,2022-07-07,,1979-04-28,https://drive.google.com/open?id=1cv1Tg5Zl79q1Anft2edOCfltXNr4pYkq,Active,https://res.cloudinary.com/dn02hf9mu/image/upload/v1781888111/devotee_photos/ISKCON_DGP_113.jpg
2026-05-10 17:44:40,ramprasadankure7@gmail.com,,ISKCON_DGP_114,Initiated (দীক্ষিত),114,RAMPRASAD ANKURE,BANKU ANKURE,ANJALA ANKURE,1980-07-30,Male,7810982077,7810982077,B+,Bardhaman,"VILL- BAMNABERA, P. O.- AMLAJORA, P. S.- KANKSA, DIST- PASCHIM BARDHAMAN ",,,,,HG RADHA MADHAV DAS,HH SRI SRIMOT JAYPATAKA SWAMI MAHARAJ,RASANJANA VRAJAPATI DAS,2024-08-04,,,https://drive.google.com/open?id=1lP_5DDozi8ssAVVEI2qdWcwFDHug0S93,Active,https://res.cloudinary.com/dn02hf9mu/image/upload/v1781888119/devotee_photos/ISKCON_DGP_114.jpg
2026-03-23 19:01:58,ratnasarkar75018@gmail.com,,ISKCON_DGP_115,Initiated (দীক্ষিত),115,RATNA SARKAR,MAKAR CHANDRA MONDAL,KISHORE SARKAR,1975-01-14,Female,9046545324,9046545324,O+,Durgapur,"BHIRINGI MORE, SABUJ PALLY , DURGAPUR ",,,,,JAYANTI MONDAL,JAI PATAKA SWAMI GURU MAHARAJ,RATNA MALIKA KASHABI DABI DASI,2020-07-01,,2001-11-25,https://drive.google.com/open?id=1xgLWCTl7jm9Akmom1LG-6yuZN9rZ9o1t,Active,https://res.cloudinary.com/dn02hf9mu/image/upload/v1781888129/devotee_photos/ISKCON_DGP_115.jpg
2026-03-23 20:45:23,banerjeesubhra205@gmail.com,,ISKCON_DGP_117,Initiated (দীক্ষিত),117,REKHA GOSWAMI,BADRINATH TEWARI,SHAKTI SADHAN GOSWAMI,1959-01-01,Female,7318637012,7063714555,B+,Bankura,VILL BARJORA DIST BANKURA PIN 722202 WEST BENGAL ,,,,,DAYADHAR GOURANGA DAS,HH JAYPATAKA SWAMI GURUMAHARAJ,ROHINI JAYADAYINI DEVI DASI,2024-03-08,,,https://drive.google.com/open?id=1rnxXH5uPfBXgaM2gccuRN3QpcGvw-aSL,Active,https://res.cloudinary.com/dn02hf9mu/image/upload/v1781888122/devotee_photos/ISKCON_DGP_117.jpg
2026-03-15 13:40:38,mondalrenuka7890@gmail.com,,ISKCON_DGP_118,Initiated (দীক্ষিত),118,RENUKA MONDAL,ANIL MONDAL,PRABIR MONDAL,1982-10-11,Female,8926747375,8926747375,A+,Bankura,"PALLY SHREE COLONY, DIST - BANKURA, POST OFFICE - KRISHNA NAGAR, P S- BARJORA, 722202",,,,,SHYAMANANDINI SUDEVI DD,JPS MAHARAJ,ROHINI PAVITRA DD,2024-08-03,,2005-06-30,https://drive.google.com/open?id=1VbtFrTbVezQId9lmMSXPB5jBqzTMeOTB,Active,https://res.cloudinary.com/dn02hf9mu/image/upload/v1781888135/devotee_photos/ISKCON_DGP_118.jpg
2026-03-23 13:24:35,halderrinku729@gmail.com,,ISKCON_DGP_119,Initiated (দীক্ষিত),119,RINKU HALDER ,LATE ANIL MONDAL ,DIPANKAR HALDER,1977-10-16,Female,7908501304,7908501304,O+,Bankura,"PALLY SHREE COLONY, P O - KRISHNA NAGAR,P S -BARJORA, DIST -BANKURA",,,,,SHYAMANANDINI SUDEVI DD ,JPS GURUMAHARAJ ,RASARATI BILASHINI DD ,2024-08-03,,2002-07-04,https://drive.google.com/open?id=1YCy6vKLZcrqcIzQ8W9IuvB7G6-p67zVO,Active,https://res.cloudinary.com/dn02hf9mu/image/upload/v1781888139/devotee_photos/ISKCON_DGP_119.jpg
2026-03-13 22:17:03,dipikanews90@gmail.com,,ISKCON_DGP_120,Initiated (দীক্ষিত),120,RITA DAS,LT. SAKIPADA DAS,LT. SASTHIPADA DAS,1971-03-14,Female,8927535471,8927535471,B+,Bardhaman,"Bill+ po: Patsaora,  Pashchim Bardhaman",,,,,SEBAK GOURNGO DAS,SRIMAD JAIPATAKA SWAMI GURU MAHARAJ,RATNOMOYI SEBINI DEVI DASI,2024-08-03,,1985-06-13,https://drive.google.com/open?id=1J95Wzkrezyu8hWm6gUaaOvUjfLsWmATh,Active,https://res.cloudinary.com/dn02hf9mu/image/upload/v1781888125/devotee_photos/ISKCON_DGP_120.jpg
2026-03-23 22:36:40,rumaparamanik06@gmail.com,,ISKCON_DGP_121,Initiated (দীক্ষিত),121,RUMA PARAMANIK,DIPAK PARAMANIK,PARTHA PARAMANIK,1984-08-04,Female,8942031304,8942031304,B+,Durgapur,S. N. BOSE 4/92 B-ZONE DURGAPUR-713205,,,,,APURVA MADHOB PROBHU,JOY POTAKA SWAMI GURU MAHARAJ,RUMA PARAMANIK,2017-08-10,2024-08-03,,https://drive.google.com/open?id=1rIegh68ZasOhZy4gT8pn0Je0XGrR0io3,Active,https://res.cloudinary.com/dn02hf9mu/image/upload/v1781888151/devotee_photos/ISKCON_DGP_121.jpg
2026-03-19 14:01:43,dhibarsachin@gmail.com,,ISKCON_DGP_124,Initiated (দীক্ষিত),124,SACHIN DHIBAR ,SANATAN DHIBAR ,,1997-05-10,Male,9563109565,9563109565,O+,Bankura,"""STREET NAME/AREA NAME:-KHAYRASOLE
LANDMARK - NEAR SBI BANK
CITY NAME - BIRBHUM 
PINCODE- (6 DIGITS) 731125
STATE NAME WEST BENGAL 
MOBILE NUMBER 9563109565""",,,,,HG SEVAKPATI MADHAV DAS,HH JAYAPATAKA SWAMI GURU MAHARAJ ,SACISUTA DAYAMAYA DAS,2024-08-03,,,https://drive.google.com/open?id=1R3E_qiTvT8lu8_t0mvxdCLzFt4wKYjqx,Active,https://res.cloudinary.com/dn02hf9mu/image/upload/v1781888127/devotee_photos/ISKCON_DGP_124.jpg
2026-03-23 16:45:34,palnemaichand1963@gmail.com,,ISKCON_DGP_129,Initiated (দীক্ষিত),129,SHANTI PAL,SANNYASI  BISWAS,NEMAI CHAND PAL,1972-12-25,Female,7908678559,9734711942,O+,Bardhaman,"SHIMULIA CHATI, BURDWAN",,,,,PADMA MUKH NEMAI DAS,HH SRI JAYAPATAKA SWAMI GURU MAHARAJ,SHANTI MOYE BISHAKHA DEVI DASI,2006-11-05,,1988-04-29,https://drive.google.com/open?id=1xgHLFCsOVkIKXqgNQpS4qP1ldFjnE52S,Active,https://res.cloudinary.com/dn02hf9mu/image/upload/v1781888135/devotee_photos/ISKCON_DGP_129.jpg
2026-03-25 20:26:09,lipikabauri71@gmail.com,,ISKCON_DGP_130,Initiated (দীক্ষিত),130,SHILA BAURI,BATHAN BAURI,RAMPADA BAURI,1987-04-08,Female,9332972633,9332972633,O+,Ichapur,ICHAPUR PANCHAYET ROAD 713363,,,,,SUBHASHINI SUBHADRA DEVI DASI ,HH JOYPATAKA SWAMI GURU MAHARAJ ,SITALANGI PADMA DEVI DASI ,2024-08-03,,2004-03-10,https://drive.google.com/open?id=1yfVt-0XkQrT_DuNU_G6DaVSfoz0Egx6E,Active,https://res.cloudinary.com/dn02hf9mu/image/upload/v1781888130/devotee_photos/ISKCON_DGP_130.jpg
2026-03-30 13:25:24,das8872@gmail.com,,ISKCON_DGP_132,Initiated (দীক্ষিত),132,SIKHA BAURI,RAMESH BAURI,AJAY BAURI,1995-01-07,Female,7718240579,7718240579,B+,Other,DAKSHIN KHANDA ,,,,,KAMOLOCHAN GOURANGA DAS,HHJAYA PATAKA GURUMAHARJ,SUMUKHI KRISHNA DEVI DASI ,2024-06-14,,,https://drive.google.com/open?id=1Byt7iOxjkt1j5qbjcjbtJjNxM8OIQ_Z6,Active,https://res.cloudinary.com/dn02hf9mu/image/upload/v1781888137/devotee_photos/ISKCON_DGP_132.png
2026-06-06 20:16:57,sandipsarkar.1992.ss@gmail.com,,ISKCON_DGP_133,Initiated (দীক্ষিত),133,SHIKHA SARKAR ,NIRMAL CHANDA GHOSH ,RAJENDRA PRASAD SARKAR ,1970-07-12,Female,7407115109,7407115109,O+,PADABESWAR,"MAMA KUTIR,NATUN DANGA",,WEST BENGAL ,PASCHIM BURDWAN ,713381,MANAMOHINI CHITRA DD ,SRI SRIMAD JAYAPATAKA SWAMI GURU MAHARAJ ,SESABATI KARUNA DD,2024-08-03,,1986-06-28,https://drive.google.com/open?id=1pEJsLGHWEoFzwzAFYwUbtdpFsW0W9ht5,Active,https://res.cloudinary.com/dn02hf9mu/image/upload/v1781888139/devotee_photos/ISKCON_DGP_133.jpg
2026-03-18 18:52:34,rajasinghdgp1@gmail.com,,ISKCON_DGP_134,Initiated (দীক্ষিত),134,SIMA SINGH,SUNIL DAS,,1980-01-01,Female,9339085992,9339085992,AB+,Bankura,"PALLY SHREE COLONY, LANE-16, BARJORA, BANKURA.",,,,,LITAN BARUI,SHIR SHRIMAT JAIPATAKA SWAMI GURUMAHARAJ,SURESHARI KAMALINI DEBI DASI,2024-08-03,,1993-02-01,https://drive.google.com/open?id=1bJwTZKRb6wfufX4Cb-H24uVzfHqNWQJR,Active,https://res.cloudinary.com/dn02hf9mu/image/upload/v1781888137/devotee_photos/ISKCON_DGP_134.jpg
2026-06-04 22:13:51,sohagmojumder1997@gmail.com,,ISKCON_DGP_137,Initiated (দীক্ষিত),137,SOHAG MOJUMDER,NETAI MOJUMDER,SONALI MOJUMDER,1997-04-28,Male,8250511505,8250511505,B+,Durgapur ,"RAGHUNATHPUR,KAMLAITALA,DURGAPUR",,WEST BENGAL ,BURDHAMAN(W),713204,EKANGI LAKSHMI DEBI DASI,SRILAV JAYAPATAKA SWAMI MAHARAJ,SHAMA SURANANDA DAS,2024-08-03,,2025-06-02,https://drive.google.com/open?id=1u1IbkBOcR--GcN6EyEeE8ct0nXMjTfeX,Active,https://res.cloudinary.com/dn02hf9mu/image/upload/v1781888139/devotee_photos/ISKCON_DGP_137.jpg
2026-06-06 20:01:34,sugunasatyadevidasi@gmail.com,,ISKCON_DGP_139,Initiated (দীক্ষিত),139,SUGANDHA MOURI ,ASHOK KUMAR MOURI ,,2001-07-01,Female,7047655962,6289199272,O+,DURGAPUR ,"29, CHAITAYA AVENUE, A-ZONE, DURGAPUR-713204,  WEST BURDWAN, WEST BENGAL ",,WEST BENGAL ,PASCHIM BARDHAMAN ,723204,HG KALINDI SEVIKA DEVI DASI,HH JAYAPATAKA SWAMI GURU  MAHARAJ,SUGUNA SATYA DEVI DASI,2025-08-31,,,https://drive.google.com/open?id=12_LpqLoxbWnBGYqaempqw7ST8BspciBe,Active,https://res.cloudinary.com/dn02hf9mu/image/upload/v1781888157/devotee_photos/ISKCON_DGP_139.jpg
2026-03-22 18:31:54,sujatadey1010@gmail.com,,ISKCON_DGP_140,Initiated (দীক্ষিত),140,SUJATA DEY ,KINKOR NANDI ,LET - UTTAM DEY ,1973-10-19,Female,8016255881,8016255881,A+,Bardhaman,"BORO POSLA,PO- POSLA,PS- BHATAR,DIST- PURBA BARDHAMAN ",,,,,AUDARYA CHANDRA DAS ,SRILA JAYAPATAKA SWAMI GURUMAHARAJ ,SWARNAKANTI JOSHDA DEBI DASI ,2021-08-22,,1990-04-04,https://drive.google.com/open?id=1CYL61jQqSFdIpYjWex4H3enxDncmxxY3,Active,https://res.cloudinary.com/dn02hf9mu/image/upload/v1781888151/devotee_photos/ISKCON_DGP_140.jpg
2026-03-23 21:40:34,singrajkumaar421@gmail.com,,ISKCON_DGP_145,Initiated (দীক্ষিত),145,SUNITA RUIDSA,TARINI DSA,RAJKUMAR RUIDAS,2000-04-10,Female,7584874554,7584874554,A+,Budbud,BUDBUD SUKANTA NAGAR,,,,,ANUKAMPITA RADIKA DEVIDASI,HH JAIPATAKA SAMI GURU MAHARJ,SHYMA RASAPARAYANI DEVI,2024-08-03,,2018-02-18,https://drive.google.com/open?id=1p34lG3GAjM1GfRCUAFZHDAaQftOM8zYI,Active,https://res.cloudinary.com/dn02hf9mu/image/upload/v1781888140/devotee_photos/ISKCON_DGP_145.jpg
2026-03-23 16:25:50,meghnashil6@gmail.com,,ISKCON_DGP_146,Initiated (দীক্ষিত),146,SUPARNA SHIL,KHOKAN DAS,PRADIP SHIL,1988-09-09,Female,9832892189,9832892189,B+,Durgapur,DURGAPUR SAGAR BHANGA GOPINATH PUR GITANJALI PARK ,,,,,SUBAHU SACHI SUTA DAS ,H. H. JAYAPATAKA SWAMI GURU MAHARAJ,SUDHAMAYI SUPRIYA DEVI DASI,2023-03-11,2024-08-03,2009-11-27,https://drive.google.com/open?id=1T7keV2rxCGRFQOJOfDpjnlHw0iQ8YyWU,Active,https://res.cloudinary.com/dn02hf9mu/image/upload/v1781888144/devotee_photos/ISKCON_DGP_146.jpg
2026-03-23 17:54:34,Mondalsusmita2705@gmail.com,,ISKCON_DGP_147,Initiated (দীক্ষিত),147,SUSMITA MONDAL ,PRAFULLA KUMAR PAL,GOUTAM MONDAL ,1995-05-27,Female,9749556640,9749556640,B+,Durgapur,"NATUNPALLY ,G-BLOCK, BENACHITY, DGP-713213",,,,,TRILOKNATH DAS ,HH.SREE SREEMAT JAYPOTAKA SWAMI GURU MAHARAJ ,SUMONGALA SYAMAPRADA DEVI DASI ,2024-08-03,,2016-03-03,https://drive.google.com/open?id=1F2tEpclI1O_YMDy9tjlbfXoZCHAc0mAK,Active,https://res.cloudinary.com/dn02hf9mu/image/upload/v1781888146/devotee_photos/ISKCON_DGP_147.jpg
2026-03-24 01:05:24,career.ascom8@gmail.com,,ISKCON_DGP_149,Initiated (দীক্ষিত),149,TANAYA ROY ,AMAR ROY ,TAPAS ROY,1991-10-19,Female,8777732934,8337050546,O-,Durgapur,"4/13 SARADA PALLY, PO : BENACHITTY ,54FT , DURGAPUR ,DIST : BURDWAN WEST PIN 713213",,,,,SRIPAD APURBA MADHAB DAS ,SRI SRIMAD SWAMI JAYPATAKA GURU MAHARAJRAJ ,TAPASVINI GOURKANTA DEVI DASI ,2024-08-03,,2011-07-05,https://drive.google.com/open?id=1K_hJjno_bHPMOT_NEU5Lzqu6EnvHESyS,Active,https://res.cloudinary.com/dn02hf9mu/image/upload/v1781888143/devotee_photos/ISKCON_DGP_149.jpg
2026-03-24 00:35:59,career.ascom@gmail.com,,ISKCON_DGP_150,Initiated (দীক্ষিত),150,TAPAS KUMAR ROY ,TAPAN KUMAR ROY ,TANAYA ROY,1979-01-07,Male,8777745735,8777745735,B+,Durgapur,"4/13 SARADA PALLY,PO : BENACHITTY 54FT ROAD DURGAPUR ,DIST : BURDWAN WEST PIN : 713213",,,,,APURBA MADHAV DAS ,SRI SRIMAD SWAMI JAYPATAKA GURU MAHARAJRAJ ,TAPASVI GOURCHANDRA DAS ,2024-08-03,,2011-07-05,https://drive.google.com/open?id=1CcmpRFznp_7aiMwJOd49YU8xNAl5zzfC,Active,https://res.cloudinary.com/dn02hf9mu/image/upload/v1781888143/devotee_photos/ISKCON_DGP_150.jpg
2026-05-13 19:53:00,kshri0083@gmail.com,Printed,ISKCON_DGP_151,Initiated (দীক্ষিত),151,TAPATI SARKAR,ANIL SARKAR,BISWANATH SARKAR,1996-11-06,Female,9339646708,9339646708,O+,Bardhaman,"11MILE, PASCHIM BARDHAMAN ",,,,,UJJWAL PREM GOUR DAS,SRILA JAYPATAKA SWAMI GURUMAHARAJ ,TRILOKESHARI INDIRA DEBI DASI,2024-08-03,,2012-10-30,https://drive.google.com/open?id=1hTAsIItixASYy8KZlqBgoxZ6CrwKVgd4,Active,https://res.cloudinary.com/dn02hf9mu/image/upload/v1781889066/devotee_photos/ISKCON_DGP_151.jpg
2026-06-06 15:14:38,ghoshtarun093@gmail.com,,ISKCON_DGP_153,Initiated (দীক্ষিত),153,TINKU GHOSH ,NIKHIL GHOSH ,TARUN GHOSH,1984-06-26,Female,7718219699,7718219699,B+,DURGAPUR ,"JATIYA KALYAN TRUST, KHAYRASOL, DURGAPUR 12",,WEST BENGAL ,PASCHIM BARDHAMAN ,713212,SUBAHU SOCHISUTO DAS ,SRI SRI JOY PATAKA SWAMI GURU MAHARAJ ,TULSI KRIPANITA DEBI DASI ,2024-08-03,,,https://drive.google.com/open?id=1-3fvZeiMvpiE_35fyxTd_Kf20z-QWbeU,Active,https://res.cloudinary.com/dn02hf9mu/image/upload/v1781888151/devotee_photos/ISKCON_DGP_153.jpg
2026-03-22 19:06:46,triptikabiraj29@gmail.com,,ISKCON_DGP_155,Initiated (দীক্ষিত),155,TRIPTI KABIRAJ ,RAJKUMAR KABIRAJ,,2005-08-03,Female,9064919523,9064919523,B+,Other,PANDAVESWER,,,,,SEBAKPATI MADHAV DAS,H.H JAYAPATAKA SWAMI ,TULASI KRSNAVALLABHA DEVI DASI ,2024-08-03,,,https://drive.google.com/open?id=16hBec_P82sqPj1EKWB1c7JHTpDje01JH,Active,https://res.cloudinary.com/dn02hf9mu/image/upload/v1781888152/devotee_photos/ISKCON_DGP_155.jpg
2026-06-06 16:01:32,debrajdas175@gmail.com,,ISKCON_DGP_156,Initiated (দীক্ষিত),156,TUMPA DAS,ATUL DAS,SAMPADA DAS,1992-06-02,Female,8145347435,8145347435,B+,BARDHAMAN ,"MIRAPARA,BALGONA, BHATAR, PURBA BARDHAMAN",,West Bengal ,BARDHAMAN,713125,BROJO BILASINI HARINI DEBI DASI,JOY PATAKA SWAMI GRUE MAHA RAJ,TRIBHUBANESHWARI BISHNUPRIYA DEVI DASI,2023-09-24,,2006-04-21,https://drive.google.com/open?id=1zKUDPk7YlG9a73jYvCxxeBBu6h9ejBYp,Active,https://res.cloudinary.com/dn02hf9mu/image/upload/v1781888152/devotee_photos/ISKCON_DGP_156.jpg
2026-03-23 13:01:00,duttauma91@gmail.com,,ISKCON_DGP_157,Initiated (দীক্ষিত),157,UMA DUTTA,AMAR MITRA,SOMNATH DUTTA ,1984-08-05,Female,7864994500,7864994500,O+,Raniganj,RANIGANJ SISUBAGAN KORAPARA,,,,,HG TOMALPRIYO PRABHU ,HH JAYAPATAKA SWAMI GURU MAHARAJ ,UJWALA KRISHNAPADA DEVI DASI ,2024-08-03,,2004-05-05,https://drive.google.com/open?id=1laLV4KVsM3x7tXdZZ3WSHhiCen37RuOq,Active,https://res.cloudinary.com/dn02hf9mu/image/upload/v1781888152/devotee_photos/ISKCON_DGP_157.jpg
2026-04-03 12:13:01,manjusrisikder@gmail.com,,ISKCON_DGP_159,Initiated (দীক্ষিত),159,MANJUSRI SIKDER,PANKHI RAJ  RUJ,DEBASIS SIKDER,1975-06-06,Female,6295516836,6295516836,O+,Durgapur,,,,,,APURBA MADHAB DAS,HH JAYAPATAKA SWAMI GURUMAHARAJ,MANJUHASINI PADMA DEVI DASI,2022-07-07,,,https://drive.google.com/open?id=12QN_lkpOolrEnSV1678JvP2ncBVAQ2x7,Active,https://res.cloudinary.com/dn02hf9mu/image/upload/v1781888162/devotee_photos/ISKCON_DGP_159.jpg
